{"amplify":1.0,"auto_vary_colors":true,"colors":[12754307,4290944387,4287157719,4279804768,4279268934,4282666853,4282205526,4294967294,4294967295],"export_folder":"C:/_Dev/FlightSimulator/build/FlightSimulator/assets/textures/terrain","fadeoff":0.5230000019073486,"frequency":3,"gamma":2.3980000019073486,"height":1024,"heights":[0.0,0.02,0.025,0.165,0.3,0.425,0.765,0.9,1.0],"island_blend":1.2020000219345093,"island_center_x":0.5,"island_center_y":0.5,"island_flags":2,"island_invert":true,"island_merge_mode":1,"island_power":0.34599998593330383,"island_radius_x":0.5740000009536743,"island_radius_y":0.6439999938011169,"island_size_x":0.0,"island_size_y":0.0430000014603138,"island_wrap":0,"make_island":true,"mode":2,"normalmap_mode":1,"normalmap_strength":1.0,"octaves":10,"render_target":2,"seed":4,"variation_fadeoff":0.5,"width":1024}